{"max": [43.1278, 18.6406, 72.3673], "centroid": [3.0297640053381154, 3.5280869125281638, 30.81285575947938], "id": "1a888c2c86248bbcf2b0736dd4d8afe0", "numVertices": 14215, "min": [-36.0887, -0.0388519, -6.12275]}
