{"max": [12.2133, 13.2514, 52.6852], "centroid": [-6.768448918804934, 4.257831180270362, 31.25224846419049], "id": "1a29042e20ab6f005e9e2656aff7dd5b", "numVertices": 21754, "min": [-25.7867, 0.0, 8.11677]}
