{"max": [5.45271, 1.9606, 6.83996], "centroid": [5.96946909257197e-08, 0.06389687629783505, 2.4761756110731143], "id": "1abe9524d3d38a54f49a51dc77a0dd59", "numVertices": 4389, "min": [-5.45271, -0.93928, 0.126353]}
