{"max": [-0.703678, 5.31128, 17.0314], "centroid": [-6.162423051735315, 1.66076983012406, 7.378217259927881], "id": "1a963a929d9b1332290d63dca780cfb6", "numVertices": 29129, "min": [-11.6156, -0.000387299, -0.0057928]}
